nome_particella,lon,lat,BELFIORE,SEZIONE,FOGLIO,PARTICELLA
I813__09040.100,9.49542163351608,45.67734105,I813,_,09040,100
I813__09020.1001,9.487526436290784,45.680641455,I813,_,09020,1001
I813__09020.1003,9.487588545135507,45.680656415,I813,_,09020,1003
I813__09040.1004,9.489026213705769,45.676001174999996,I813,_,09040,1004
I813__09040.1005,9.48910111598525,45.67631206,I813,_,09040,1005
I813__09040.1006,9.490748365167196,45.676192025,I813,_,09040,1006
I813__09040.1008,9.489043973980174,45.67572301,I813,_,09040,1008
I813__09040.101,9.495999383572642,45.677402455,I813,_,09040,101
I813__09040.1010,9.489378913830297,45.675457295,I813,_,09040,1010
I813__09020.1012,9.488913386978513,45.679830105,I813,_,09020,1012
I813__09020.1013,9.489104537151608,45.680050245000004,I813,_,09020,1013
I813__09020.1014,9.489312581796613,45.67997106999999,I813,_,09020,1014
I813__09020.1015,9.491862300817296,45.67821406,I813,_,09020,1015
I813__09010.1019,9.486348789781207,45.67901479,I813,_,09010,1019
I813__09010.1021,9.485564323570706,45.679789035,I813,_,09010,1021
I813__09020.1023,9.48649789374031,45.679072985,I813,_,09020,1023
I813__09010.1026,9.48592256119392,45.679838505000006,I813,_,09010,1026
I813__09010.1028,9.486323462289135,45.679320535,I813,_,09010,1028
I813__09020.1031,9.486739443722918,45.67856149,I813,_,09020,1031
I813__09020.1032,9.486956588489893,45.67860288,I813,_,09020,1032
I813__09020.1034,9.486791326306912,45.678565505,I813,_,09020,1034
I813__09020.1035,9.488416645897289,45.680863475,I813,_,09020,1035
I813__09020.1038,9.48802587561243,45.681389159999995,I813,_,09020,1038
I813__09020.1039,9.488041709584326,45.680773225,I813,_,09020,1039
I813__09020.1040,9.487860479110168,45.680842295000005,I813,_,09020,1040
I813__09020.1041,9.488001441732527,45.68094331,I813,_,09020,1041
I813__09020.1044,9.487797050504174,45.68116860000001,I813,_,09020,1044
I813__09020.1045,9.487623121798665,45.681576390000004,I813,_,09020,1045
I813__09020.1046,9.487780934168995,45.68158008,I813,_,09020,1046
I813__09020.1052,9.489749374879342,45.680879035000004,I813,_,09020,1052
I813__09020.1054,9.489951743938999,45.67996892,I813,_,09020,1054
I813__09020.1055,9.489978632217452,45.67977546,I813,_,09020,1055
I813__09020.1058,9.4896771240529,45.68007039,I813,_,09020,1058
I813__09020.1059,9.488582837094235,45.680639095000004,I813,_,09020,1059
I813__09020.1060,9.489649886647353,45.679525055,I813,_,09020,1060
I813__09020.1061,9.489582465501453,45.67963086,I813,_,09020,1061
I813__09020.1062,9.489903868032508,45.679560555,I813,_,09020,1062
I813__09040.1066,9.491322935633008,45.676319785000004,I813,_,09040,1066
I813__09040.1067,9.491290929212754,45.67654376,I813,_,09040,1067
I813__09020.107,9.499096537501138,45.67807051,I813,_,09020,107
I813__09030.1070,9.486825400166438,45.67645675999999,I813,_,09030,1070
I813__09030.1071,9.486961592413241,45.676506575000005,I813,_,09030,1071
I813__09020.1075,9.48798064787242,45.681136725,I813,_,09020,1075
I813__09020.1076,9.488238895667306,45.68104341,I813,_,09020,1076
I813__09040.1077,9.488547262097338,45.6758141,I813,_,09040,1077
I813__09030.1079,9.485219804494193,45.675882125,I813,_,09030,1079
I813__09020.108,9.499620668575837,45.678386805,I813,_,09020,108
I813__09010.1080,9.486120458540285,45.678971340000004,I813,_,09010,1080
I813__09020.1085,9.48670610015511,45.678802065,I813,_,09020,1085
I813__09020.1086,9.486811774632518,45.67884447,I813,_,09020,1086
I813__09020.1088,9.48991669717622,45.68012031,I813,_,09020,1088
I813__09040.1089,9.493969684433821,45.676344255000004,I813,_,09040,1089
I813__09020.109,9.49950751182268,45.678521505,I813,_,09020,109
I813__09040.1090,9.494217745272232,45.67628985,I813,_,09040,1090
I813__09040.1092,9.494304658349211,45.676344255000004,I813,_,09040,1092
I813__09010.1093,9.48632492786944,45.678695865,I813,_,09010,1093
I813__09010.1094,9.486415899339262,45.67850153,I813,_,09010,1094
I813__09040.1095,9.491798697607589,45.675286285,I813,_,09040,1095
I813__09040.1096,9.491573575704733,45.675491210000004,I813,_,09040,1096
I813__09010.1097,9.483775464994025,45.679753465000005,I813,_,09010,1097
I813__0904.11,9.48919927179242,45.676596915000005,I813,_,0904,11
I813__09020.110,9.49854818863415,45.678959495,I813,_,09020,110
I813__09020.1100,9.494086597633373,45.678309479999996,I813,_,09020,1100
I813__09020.1101,9.493754370591578,45.67880106,I813,_,09020,1101
I813__09020.1102,9.494114276463973,45.67868997,I813,_,09020,1102
I813__09020.1103,9.487812504476505,45.678879565,I813,_,09020,1103
I813__09020.1104,9.49217490932879,45.6781984,I813,_,09020,1104
I813__09020.1105,9.492084127337264,45.678199635,I813,_,09020,1105
I813__09010.1111,9.486022850023943,45.67967455,I813,_,09010,1111
I813__09010.1112,9.485986057273458,45.6792215,I813,_,09010,1112
I813__09020.1113,9.490762044547775,45.68116337,I813,_,09020,1113
I813__09020.1114,9.490501854549438,45.681283735,I813,_,09020,1114
I813__09020.1115,9.490037717374223,45.6821333,I813,_,09020,1115
I813__09010.1119,9.483650715183312,45.680851759999996,I813,_,09010,1119
I813__09020.112,9.498273787137133,45.678633715000004,I813,_,09020,112
I813__09010.1120,9.484069812321613,45.680362715,I813,_,09010,1120
I813__09010.1121,9.483904237705875,45.68084013,I813,_,09010,1121
I813__09010.1123,9.484069912522727,45.68090876,I813,_,09010,1123
I813__09010.1127,9.486241372356908,45.678082555,I813,_,09010,1127
I813__09020.113,9.49891855666553,45.678434304999996,I813,_,09020,113
I813__09030.1130,9.486642245171893,45.67717929,I813,_,09030,1130
I813__09030.1135,9.48718083046882,45.67711785,I813,_,09030,1135
I813__09030.1137,9.486469128496005,45.677312810000004,I813,_,09030,1137
I813__09020.114,9.498606296493794,45.678064684999995,I813,_,09020,114
I813__09010.1146,9.485668178995258,45.679555285,I813,_,09010,1146
I813__09030.1148,9.486581115402345,45.67733072,I813,_,09030,1148
I813__09010.1152,9.485587407168978,45.678118645,I813,_,09010,1152
I813__09010.1153,9.485575194943316,45.678152675,I813,_,09010,1153
I813__09030.1154,9.485334361980879,45.67656505,I813,_,09030,1154
I813__09010.1156,9.486162075802078,45.678030495,I813,_,09010,1156
I813__09030.1157,9.486322458557279,45.677660689999996,I813,_,09030,1157
I813__09030.1158,9.486439919863987,45.67745901,I813,_,09030,1158
I813__09010.1161,9.486076669834176,45.678195275,I813,_,09010,1161
I813__09010.1167,9.485787455717539,45.677705689999996,I813,_,09010,1167
I813__09020.1175,9.492380850910621,45.67950677,I813,_,09020,1175
I813__09020.1176,9.493439205850812,45.67971661,I813,_,09020,1176
I813__09020.1177,9.493825302553024,45.679042855,I813,_,09020,1177
I813__09020.1178,9.493760282080515,45.679440755,I813,_,09020,1178
I813__09040.1183,9.491040804414945,45.675063875,I813,_,09040,1183
I813__09020.1187,9.492752281028666,45.679151544999996,I813,_,09020,1187
I813__0904.12,9.489279307080551,45.676798315,I813,_,0904,12
I813__09020.120,9.492475646822701,45.678288675000005,I813,_,09020,120
I813__09020.1201,9.491699408886975,45.67999911,I813,_,09020,1201
I813__09020.1202,9.491933763395501,45.67948971,I813,_,09020,1202
I813__09020.1203,9.487255875494789,45.678867075,I813,_,09020,1203
I813__09020.1205,9.49235240104249,45.680578165,I813,_,09020,1205
I813__09020.1206,9.49268180605798,45.680618665,I813,_,09020,1206
I813__09020.1207,9.493138794468369,45.68098251,I813,_,09020,1207
I813__09020.1208,9.493354379740072,45.68098383,I813,_,09020,1208
I813__09020.1209,9.493354026272616,45.681441945,I813,_,09020,1209
I813__09020.1210,9.493134816951125,45.681173955,I813,_,09020,1210
I813__09030.1218,9.487036259311711,45.677191930000006,I813,_,09030,1218
I813__09030.1219,9.486378265619821,45.677217795000004,I813,_,09030,1219
I813__09010.1222,9.48542251044545,45.67912667,I813,_,09010,1222
I813__09010.1225,9.485303303734261,45.678618685,I813,_,09010,1225
I813__09010.1228,9.48546371232965,45.678206145,I813,_,09010,1228
I813__09020.123,9.492395746566816,45.678645720000006,I813,_,09020,123
I813__09010.1230,9.484744625319328,45.67869322999999,I813,_,09010,1230
I813__09010.1234,9.48487524192257,45.67811451,I813,_,09010,1234
I813__09010.1235,9.484256122692292,45.67921294,I813,_,09010,1235
I813__09010.1238,9.484350408337683,45.67903106,I813,_,09010,1238
I813__0904.124,9.490087839050185,45.676499925,I813,_,0904,124
I813__09010.1242,9.485992139043962,45.678576095,I813,_,09010,1242
I813__09040.1244,9.490311816827333,45.676456599999995,I813,_,09040,1244
I813__09020.1246,9.492473563161408,45.68035967,I813,_,09020,1246
I813__09040.1247,9.489342137044888,45.675033255,I813,_,09040,1247
I813__09020.1250,9.493059018801425,45.67791332,I813,_,09020,1250
I813__09040.1250,9.493058017845318,45.677532924999994,I813,_,09040,1250
I813__09020.1251,9.48733294088419,45.68127271,I813,_,09020,1251
I813__09020.1253,9.487058868326553,45.681385305,I813,_,09020,1253
I813__09020.1254,9.487080710645838,45.680917135,I813,_,09020,1254
I813__09020.1255,9.487320593876694,45.68092838,I813,_,09020,1255
I813__09020.1256,9.489096866648001,45.680615075,I813,_,09020,1256
I813__09020.1257,9.489125850140528,45.68055805,I813,_,09020,1257
I813__09020.1258,9.489681571558144,45.680045395,I813,_,09020,1258
I813__09020.1259,9.489742810184197,45.6799613,I813,_,09020,1259
I813__09020.126,9.489357319928368,45.67850005,I813,_,09020,126
I813__09020.1260,9.49011053219374,45.679633615,I813,_,09020,1260
I813__09020.1261,9.49009996352937,45.67961724,I813,_,09020,1261
I813__09020.1262,9.490418473572499,45.679340485,I813,_,09020,1262
I813__09020.1263,9.49040363832003,45.679328565,I813,_,09020,1263
I813__09020.1264,9.490719919863295,45.679045290000005,I813,_,09020,1264
I813__09020.1265,9.490727598704577,45.679012,I813,_,09020,1265
I813__09020.1266,9.490866657549248,45.678906925,I813,_,09020,1266
I813__09020.1267,9.490840021299277,45.678905985,I813,_,09020,1267
I813__09020.1268,9.49098619602293,45.6788053,I813,_,09020,1268
I813__09020.1269,9.491000235753983,45.67876153,I813,_,09020,1269
I813__09020.127,9.491092896151503,45.67915765,I813,_,09020,127
I813__09020.1270,9.490968602208834,45.678805145,I813,_,09020,1270
I813__09020.1271,9.490948411158376,45.67880504,I813,_,09020,1271
I813__09020.1272,9.491110968936859,45.678678815,I813,_,09020,1272
I813__09020.1273,9.491114562080408,45.678646655,I813,_,09020,1273
I813__09020.1274,9.491541014770606,45.67843951,I813,_,09020,1274
I813__09020.1275,9.491379874606327,45.67842014,I813,_,09020,1275
I813__09020.1276,9.491354389622845,45.678417945,I813,_,09020,1276
I813__09020.1277,9.491752583476615,45.6780821,I813,_,09020,1277
I813__09020.1278,9.491674175583077,45.67808032000001,I813,_,09020,1278
I813__09020.1279,9.491649529154742,45.678078510000006,I813,_,09020,1279
I813__09020.1280,9.491890142082479,45.677819604999996,I813,_,09020,1280
I813__09020.1281,9.491873566908062,45.677810035,I813,_,09020,1281
I813__09020.1282,9.491950986657072,45.67774452,I813,_,09020,1282
I813__09020.1283,9.491928270409186,45.67774198,I813,_,09020,1283
I813__09040.1284,9.492007407806458,45.67766692,I813,_,09040,1284
I813__09040.1285,9.491986044069924,45.677666,I813,_,09040,1285
I813__09040.1286,9.492076656810077,45.67756299,I813,_,09040,1286
I813__09040.1287,9.49206675465497,45.677562085000005,I813,_,09040,1287
I813__09040.1288,9.492198163539593,45.677427,I813,_,09040,1288
I813__09040.1289,9.492176313902803,45.67742634,I813,_,09040,1289
I813__0904.129,9.488217153136702,45.67798266,I813,_,0904,129
I813__09040.1290,9.492582152424283,45.676944705,I813,_,09040,1290
I813__09040.1291,9.492556179134588,45.67694391,I813,_,09040,1291
I813__09040.1292,9.492885674451202,45.676604915,I813,_,09040,1292
I813__09040.1293,9.492845436573038,45.676605605,I813,_,09040,1293
I813__09040.1294,9.492841269551617,45.67658017,I813,_,09040,1294
I813__09040.1297,9.493402230296482,45.67627858,I813,_,09040,1297
I813__09040.1298,9.493162510954306,45.676205585,I813,_,09040,1298
I813__09040.1299,9.49314152480877,45.67620203,I813,_,09040,1299
I813__0904.13,9.489711187333572,45.676735815,I813,_,0904,13
I813__0904.130,9.488274933785002,45.677777355,I813,_,0904,130
I813__09040.1300,9.493326315496677,45.67600113,I813,_,09040,1300
I813__09040.1301,9.493306217099839,45.675994845,I813,_,09040,1301
I813__09040.1302,9.49353895670245,45.675736095,I813,_,09040,1302
I813__09040.1303,9.493516551254636,45.67573181,I813,_,09040,1303
I813__09020.1304,9.49032913710112,45.67915685,I813,_,09020,1304
I813__09020.1305,9.490330369383736,45.679183210000005,I813,_,09020,1305
I813__09020.1306,9.49075781568388,45.678741435,I813,_,09020,1306
I813__09020.1307,9.490781852461524,45.678744390000006,I813,_,09020,1307
I813__09020.1308,9.490941707659296,45.67856263,I813,_,09020,1308
I813__09020.1309,9.49095778985455,45.678571275,I813,_,09020,1309
I813__09020.1310,9.491100870894886,45.678406225,I813,_,09020,1310
I813__09020.1311,9.491105377947513,45.678425020000006,I813,_,09020,1311
I813__09020.1312,9.49120804978169,45.678296489999994,I813,_,09020,1312
I813__09020.1313,9.491229407210223,45.678300820000004,I813,_,09020,1313
I813__09020.1314,9.491303560239363,45.678197420000004,I813,_,09020,1314
I813__09020.1315,9.491322616806968,45.67820496,I813,_,09020,1315
I813__09020.1316,9.491678433301722,45.67776726,I813,_,09020,1316
I813__09020.1317,9.491699867813889,45.677765595,I813,_,09020,1317
I813__09040.1318,9.491748249041079,45.677667465,I813,_,09040,1318
I813__09040.1319,9.491770724857158,45.67767035,I813,_,09040,1319
I813__09040.132,9.490497466115773,45.674050255,I813,_,09040,132
I813__09040.1320,9.491922614977298,45.67743663,I813,_,09040,1320
I813__09040.1321,9.491947722412856,45.677444085,I813,_,09040,1321
I813__09040.1322,9.492121445228886,45.67718524,I813,_,09040,1322
I813__09040.1323,9.492144602440987,45.677194895,I813,_,09040,1323
I813__09040.1324,9.492304396540622,45.67691696,I813,_,09040,1324
I813__09040.1325,9.492350020983448,45.67689919,I813,_,09040,1325
I813__09040.1326,9.492374587570868,45.67690606,I813,_,09040,1326
I813__09040.1327,9.492323205602874,45.676709605,I813,_,09040,1327
I813__09040.1328,9.4924759318038,45.676741185,I813,_,09040,1328
I813__09040.1329,9.492500612254823,45.676746435,I813,_,09040,1329
I813__09040.133,9.488045344060595,45.675308615000006,I813,_,09040,133
I813__09040.1330,9.492717707242203,45.67643487,I813,_,09040,1330
I813__09040.1331,9.492745274698919,45.676435615,I813,_,09040,1331
I813__09040.1332,9.493042845571498,45.676025870000004,I813,_,09040,1332
I813__09040.1333,9.49306721537998,45.67602952,I813,_,09040,1333
I813__09040.1334,9.49324304712243,45.675777915,I813,_,09040,1334
I813__09040.1335,9.493265854151923,45.67578279,I813,_,09040,1335
I813__09010.1338,9.483768861459966,45.680068840000004,I813,_,09010,1338
I813__09010.1339,9.482972333849226,45.678242694999994,I813,_,09010,1339
I813__09040.134,9.48940347752045,45.67413818,I813,_,09040,134
I813__09010.1340,9.483123025254326,45.67787611,I813,_,09010,1340
I813__09010.1341,9.482708221163634,45.679020054999995,I813,_,09010,1341
I813__09010.1342,9.48325139308077,45.677896105,I813,_,09010,1342
I813__09010.1343,9.483508834453136,45.678293375,I813,_,09010,1343
I813__09010.1344,9.483641135468933,45.677956355,I813,_,09010,1344
I813__09040.1346,9.495009732231013,45.676836745,I813,_,09040,1346
I813__09010.1347,9.485962647465154,45.678016965,I813,_,09010,1347
I813__09040.1348,9.490504816668803,45.674969875,I813,_,09040,1348
I813__09040.1349,9.490075159352227,45.674725030000005,I813,_,09040,1349
I813__09040.135,9.48876106731825,45.674249329999995,I813,_,09040,135
I813__0904.1350,9.489604893397736,45.677360465,I813,_,0904,1350
I813__0904.1351,9.489664948036062,45.677268895,I813,_,0904,1351
I813__09010.1352,9.485521128523828,45.677958715,I813,_,09010,1352
I813__09010.1353,9.486425486815754,45.678042445,I813,_,09010,1353
I813__09010.1354,9.48670564342325,45.678204475,I813,_,09010,1354
I813__09040.1355,9.490881443482262,45.67429731,I813,_,09040,1355
I813__09040.1356,9.496599651890637,45.67746339999999,I813,_,09040,1356
I813__09040.136,9.488255152860646,45.67428879,I813,_,09040,136
I813__09040.1362,9.497300785710603,45.67696042,I813,_,09040,1362
I813__09040.1363,9.497071369628326,45.677122905000004,I813,_,09040,1363
I813__09040.1366,9.497829000171162,45.677031979999995,I813,_,09040,1366
I813__09040.1367,9.497065768318425,45.677760125000006,I813,_,09040,1367
I813__09040.137,9.48774515803106,45.674059055,I813,_,09040,137
I813__09040.1370,9.496664160727123,45.677831839999996,I813,_,09040,1370
I813__09040.1371,9.496573946634099,45.677726504999995,I813,_,09040,1371
I813__09040.1373,9.496656989097158,45.677234545000005,I813,_,09040,1373
I813__09010.1375,9.48446536243521,45.680437185,I813,_,09010,1375
I813__09020.1377,9.495536386985355,45.678068775,I813,_,09020,1377
I813__09020.1380,9.495373171171995,45.677744000000004,I813,_,09020,1380
I813__09030.1381,9.486395882300393,45.676519255,I813,_,09030,1381
I813__09030.1382,9.48670647848088,45.676568925,I813,_,09030,1382
I813__09030.1383,9.486546449690259,45.67616787,I813,_,09030,1383
I813__09030.1384,9.486783696822087,45.676222065000005,I813,_,09030,1384
I813__09030.1385,9.486471527364158,45.676358410000006,I813,_,09030,1385
I813__09030.1386,9.486586779288363,45.67638982,I813,_,09030,1386
I813__09030.1387,9.486245773581768,45.676642470000004,I813,_,09030,1387
I813__09030.1388,9.486355037724374,45.67666441,I813,_,09030,1388
I813__09030.1389,9.48683875922439,45.676851819999996,I813,_,09030,1389
I813__09030.1390,9.486683829359457,45.67695252,I813,_,09030,1390
I813__09030.1391,9.486956250271254,45.6767385,I813,_,09030,1391
I813__09030.1392,9.486247231531035,45.67680257000001,I813,_,09030,1392
I813__09030.1393,9.486494799315206,45.67687327,I813,_,09030,1393
I813__09030.1394,9.486601630720536,45.67679436,I813,_,09030,1394
I813__09020.1395,9.489970226960136,45.677769035,I813,_,09020,1395
I813__0904.1397,9.490078502064144,45.677617375,I813,_,0904,1397
I813__0904.1398,9.49014440322771,45.677454985,I813,_,0904,1398
I813__09010.1399,9.48519106563413,45.678410639999996,I813,_,09010,1399
I813__0904.14,9.489586526956668,45.6767373,I813,_,0904,14
I813__09040.140,9.488029306223623,45.6748986,I813,_,09040,140
I813__09010.1400,9.485670397568299,45.678473,I813,_,09010,1400
I813__09020.1401,9.491187503910197,45.680103450000004,I813,_,09020,1401
I813__09020.1403,9.491284496955636,45.679799895,I813,_,09020,1403
I813__09040.1404,9.49668898186101,45.676875145,I813,_,09040,1404
I813__0904.1405,9.489897861322266,45.677582875,I813,_,0904,1405
I813__09040.1407,9.490824707902863,45.674711685,I813,_,09040,1407
I813__09020.141,9.488529594030265,45.67994803,I813,_,09020,141
I813__09030.1412,9.486741843510153,45.67746592,I813,_,09030,1412
I813__09040.1413,9.490834702669538,45.67692069,I813,_,09040,1413
I813__09010.1414,9.484155908450287,45.68009908,I813,_,09010,1414
I813__09040.1415,9.4976109557244,45.67775519,I813,_,09040,1415
I813__09010.1417,9.484876517261181,45.679316459999995,I813,_,09010,1417
I813__09040.1418,9.498622707243143,45.677537525000005,I813,_,09040,1418
I813__09040.1419,9.497926155723283,45.67700499,I813,_,09040,1419
I813__09020.142,9.488776234403066,45.679601055,I813,_,09020,142
I813__09010.1432,9.485302064378473,45.67882091,I813,_,09010,1432
I813__09030.1435,9.48666754099769,45.67763253,I813,_,09030,1435
I813__09030.1437,9.487004298554105,45.677546495,I813,_,09030,1437
I813__09010.1438,9.486159792028346,45.67946662,I813,_,09010,1438
I813__09010.1439,9.485283682104798,45.67928854,I813,_,09010,1439
I813__09020.144,9.488309107008728,45.67995832,I813,_,09020,144
I813__09020.1440,9.491365467404986,45.679621045000005,I813,_,09020,1440
I813__09030.1446,9.48598619562896,45.67758076,I813,_,09030,1446
I813__09030.1447,9.484753623787853,45.678000675,I813,_,09030,1447
I813__09010.1449,9.484479804540094,45.67868867,I813,_,09010,1449
I813__09020.145,9.487762624142722,45.68033380999999,I813,_,09020,145
I813__09010.1451,9.47957360335231,45.67871692,I813,_,09010,1451
I813__09010.1452,9.479981489942247,45.678768595,I813,_,09010,1452
I813__09030.1454,9.486834136707019,45.67790236,I813,_,09030,1454
I813__09010.1457,9.481966116172877,45.679128165,I813,_,09010,1457
I813__09010.1459,9.48240266572613,45.679083725,I813,_,09010,1459
I813__09010.1461,9.485128201722615,45.68031569,I813,_,09010,1461
I813__09040.1462,9.491236636050385,45.67521556,I813,_,09040,1462
I813__09040.1463,9.491230358297981,45.675296239999994,I813,_,09040,1463
I813__09030.1465,9.486570281057691,45.6778981,I813,_,09030,1465
I813__09010.1466,9.483040914170733,45.680967135,I813,_,09010,1466
I813__0904.1467,9.488780918489258,45.67739027499999,I813,_,0904,1467
I813__09040.1468,9.491855634359016,45.67572754,I813,_,09040,1468
I813__09040.1473,9.496678728416555,45.677125294999996,I813,_,09040,1473
I813__09020.1478,9.488965323635552,45.67893317,I813,_,09020,1478
I813__09040.1479,9.497237497532053,45.676986205,I813,_,09040,1479
I813__09040.148,9.488763061862517,45.673546650000006,I813,_,09040,148
I813__09020.1481,9.487262298226144,45.680001575000006,I813,_,09020,1481
I813__09020.1482,9.487499229500969,45.68008119,I813,_,09020,1482
I813__09010.1484,9.483300212180357,45.68084092,I813,_,09010,1484
I813__09020.1485,9.49987890424568,45.67824477,I813,_,09020,1485
I813__09020.1486,9.49950632395434,45.67789055,I813,_,09020,1486
I813__09020.1487,9.500123277451841,45.677908075000005,I813,_,09020,1487
I813__09020.1488,9.4999361202764,45.6786184,I813,_,09020,1488
I813__09020.1489,9.50088605197469,45.67811155,I813,_,09020,1489
I813__09010.1490,9.481794198238758,45.67847591,I813,_,09010,1490
I813__09040.1491,9.496720629896643,45.67696274,I813,_,09040,1491
I813__09020.1492,9.487533537423467,45.68001305,I813,_,09020,1492
I813__09020.1493,9.487441544026577,45.68029011,I813,_,09020,1493
I813__09040.1496,9.493995132910033,45.676653055,I813,_,09040,1496
I813__09040.1497,9.49404891807684,45.67665079,I813,_,09040,1497
I813__09040.1498,9.49400069399033,45.676548929999996,I813,_,09040,1498
I813__0904.15,9.489557852805405,45.677051565,I813,_,0904,15
I813__09020.150,9.489833080617657,45.680643995,I813,_,09020,150
I813__09040.1500,9.494159185598157,45.676508604999995,I813,_,09040,1500
I813__09010.1501,9.484508669789959,45.678553320000006,I813,_,09010,1501
I813__09010.1502,9.484700527829979,45.678316054999996,I813,_,09010,1502
I813__09020.1503,9.490351542960672,45.679675025,I813,_,09020,1503
I813__09020.1504,9.49027921542461,45.679822485,I813,_,09020,1504
I813__09020.1508,9.494081943822238,45.681028705,I813,_,09020,1508
I813__09040.151,9.4877426979918,45.675755115,I813,_,09040,151
I813__09020.1510,9.494481187577373,45.680086655,I813,_,09020,1510
I813__09040.1511,9.491636662234173,45.67570567,I813,_,09040,1511
I813__09020.1512,9.496181164838468,45.67797984,I813,_,09020,1512
I813__09020.1514,9.496097750863806,45.677811445,I813,_,09020,1514
I813__09020.1515,9.496065741270469,45.677814985,I813,_,09020,1515
I813__09020.1516,9.495975285664262,45.678028095,I813,_,09020,1516
I813__0904.1517,9.487502991516692,45.676920620000004,I813,_,0904,1517
I813__09040.1519,9.487126919750382,45.67613324,I813,_,09040,1519
I813__09040.1520,9.487035249843105,45.676096295,I813,_,09040,1520
I813__0904.1522,9.487839091514525,45.676820320000004,I813,_,0904,1522
I813__09020.1523,9.491195322480017,45.678944584999996,I813,_,09020,1523
I813__09030.1529,9.48348299792114,45.677824095,I813,_,09030,1529
I813__09020.153,9.490238094170984,45.679986215,I813,_,09020,153
I813__09030.1530,9.483496679818924,45.677547765,I813,_,09030,1530
I813__09030.1531,9.483709980711957,45.676907650000004,I813,_,09030,1531
I813__09030.1532,9.482727130392242,45.67749715,I813,_,09030,1532
I813__09010.1533,9.482719721789175,45.681172605,I813,_,09010,1533
I813__09010.1534,9.484047904281104,45.67899596,I813,_,09010,1534
I813__09010.1535,9.484213879956807,45.67856004,I813,_,09010,1535
I813__09010.1536,9.483717053050405,45.67915648,I813,_,09010,1536
I813__09010.1537,9.483882323234834,45.679086049999995,I813,_,09010,1537
I813__09010.1538,9.484092447811598,45.678509469999995,I813,_,09010,1538
I813__09010.1539,9.484160724749946,45.678260664999996,I813,_,09010,1539
I813__09020.154,9.490311888874631,45.679098929999995,I813,_,09020,154
I813__09010.1540,9.483877210427256,45.678640155,I813,_,09010,1540
I813__0904.1541,9.48833888428884,45.678129674999994,I813,_,0904,1541
I813__09010.1542,9.482623688916764,45.68070061,I813,_,09010,1542
I813__09010.1543,9.483182875406811,45.680147195,I813,_,09010,1543
I813__09010.1550,9.483714341740804,45.681314725,I813,_,09010,1550
I813__09010.1551,9.48353217538413,45.68117773,I813,_,09010,1551
I813__09040.1552,9.490752503760172,45.677224885,I813,_,09040,1552
I813__09040.1553,9.490261994722257,45.675345875,I813,_,09040,1553
I813__09010.1554,9.482867340430985,45.68126616,I813,_,09010,1554
I813__09010.1555,9.48276568166623,45.681205055,I813,_,09010,1555
I813__09040.1556,9.49700376731582,45.67749709500001,I813,_,09040,1556
I813__09040.1557,9.496888951579617,45.67730036,I813,_,09040,1557
I813__09020.1558,9.49134633995013,45.678751605,I813,_,09020,1558
I813__0904.1559,9.488867238783914,45.67806908,I813,_,0904,1559
I813__09010.1560,9.48535519060611,45.680768495,I813,_,09010,1560
I813__09020.1561,9.498257433565566,45.678138775,I813,_,09020,1561
I813__09020.1563,9.494889655576525,45.67791274,I813,_,09020,1563
I813__09020.1564,9.494803969133455,45.678158335,I813,_,09020,1564
I813__0904.1566,9.488681449342508,45.676953675,I813,_,0904,1566
I813__0904.1567,9.489667549273255,45.67783383,I813,_,0904,1567
I813__09040.1568,9.489229661690537,45.676420345,I813,_,09040,1568
I813__09040.1569,9.497208361846592,45.677324135,I813,_,09040,1569
I813__09020.157,9.49073891538043,45.68068911,I813,_,09020,157
I813__09040.1572,9.497181950377893,45.677275275,I813,_,09040,1572
I813__09040.1573,9.497247577450132,45.677553625,I813,_,09040,1573
I813__09040.1575,9.497526633728512,45.677565720000004,I813,_,09040,1575
I813__09020.1577,9.495051742357642,45.678046745,I813,_,09020,1577
I813__09010.1578,9.484368289560663,45.681605325,I813,_,09010,1578
I813__09010.1579,9.484521879459484,45.68157526,I813,_,09010,1579
I813__09020.158,9.491427488487385,45.680645655,I813,_,09020,158
I813__09020.1580,9.496249325117217,45.677760955,I813,_,09020,1580
I813__09040.1581,9.49314129606384,45.67670545,I813,_,09040,1581
I813__09040.1582,9.49299949121545,45.676409005,I813,_,09040,1582
I813__09040.1583,9.492989617287463,45.676393335,I813,_,09040,1583
I813__09010.1584,9.485131537389396,45.68133759,I813,_,09010,1584
I813__09010.1585,9.484803209077473,45.68158312,I813,_,09010,1585
I813__09040.1586,9.49750290962378,45.677171189999996,I813,_,09040,1586
I813__09030.1587,9.47704931324616,45.675213545,I813,_,09030,1587
I813__09030.1588,9.477342309575043,45.675076875,I813,_,09030,1588
I813__09020.1589,9.493603944815316,45.67999826,I813,_,09020,1589
I813__09020.159,9.49193279433948,45.68096064,I813,_,09020,159
I813__09020.1590,9.48869686958976,45.678489615000004,I813,_,09020,1590
I813__09010.1591,9.483355474416165,45.681641604999996,I813,_,09010,1591
I813__09010.1592,9.483168686649366,45.681433465,I813,_,09010,1592
I813__09010.1593,9.483200553723432,45.681441585,I813,_,09010,1593
I813__09010.1594,9.483401571395042,45.681532185,I813,_,09010,1594
I813__09010.1595,9.483564017732935,45.68165517,I813,_,09010,1595
I813__09010.1599,9.482594327374095,45.68129177,I813,_,09010,1599
I813__0904.16,9.487729023557343,45.677114405,I813,_,0904,16
I813__09020.160,9.492311728723948,45.68097519,I813,_,09020,160
I813__09010.1600,9.482779324964874,45.68137843,I813,_,09010,1600
I813__09010.1601,9.482659658941955,45.68132859000001,I813,_,09010,1601
I813__09020.1602,9.49042788409685,45.67809864,I813,_,09020,1602
I813__09020.161,9.492800428753421,45.68089674,I813,_,09020,161
I813__09020.164,9.49218287794638,45.680272220000006,I813,_,09020,164
I813__09020.165,9.492126220210704,45.679824915,I813,_,09020,165
I813__09020.166,9.492252786759689,45.67914999,I813,_,09020,166
I813__09020.167,9.492024595684933,45.68070228,I813,_,09020,167
I813__0904.17,9.489311234749119,45.67689624,I813,_,0904,17
I813__09020.170,9.496243457952485,45.678996420000004,I813,_,09020,170
I813__09020.177,9.498266827549138,45.679696715,I813,_,09020,177
I813__09020.178,9.497877975512427,45.680008244999996,I813,_,09020,178
I813__0904.18,9.48913433114716,45.676952854999996,I813,_,0904,18
I813__09020.180,9.50131811673744,45.67817108,I813,_,09020,180
I813__09020.181,9.487194495921944,45.680194279999995,I813,_,09020,181
I813__09020.183,9.488956522407529,45.681347474999995,I813,_,09020,183
I813__09020.184,9.488638954355018,45.682020535,I813,_,09020,184
I813__09020.185,9.49289227047667,45.680619719999996,I813,_,09020,185
I813__09010.187,9.486414021793475,45.68056081,I813,_,09010,187
I813__09010.188,9.486162059122826,45.68108137,I813,_,09010,188
I813__09010.189,9.486262414769591,45.681373175000004,I813,_,09010,189
I813__0904.19,9.488959537187196,45.676943105,I813,_,0904,19
I813__09010.190,9.485880239909019,45.681668625,I813,_,09010,190
I813__09010.191,9.486497916143291,45.68176715,I813,_,09010,191
I813__09020.192,9.487608183839253,45.68217216,I813,_,09020,192
I813__09020.194,9.487473792545465,45.682780245000004,I813,_,09020,194
I813__09020.195,9.487377173224631,45.682677035,I813,_,09020,195
I813__09020.196,9.487207864907916,45.68265459,I813,_,09020,196
I813__09020.197,9.487038902469806,45.68264925,I813,_,09020,197
I813__09010.198,9.485700739308157,45.68224083,I813,_,09010,198
I813__09010.199,9.485078047183533,45.682126615,I813,_,09010,199
I813__09020.205,9.487358611384039,45.681552214999996,I813,_,09020,205
I813__09010.208,9.485656221023934,45.68090309,I813,_,09010,208
I813__0904.22,9.488840975603084,45.67690226,I813,_,0904,22
I813__09010.222,9.48307353052138,45.67895917,I813,_,09010,222
I813__09010.226,9.482186176605595,45.6779438,I813,_,09010,226
I813__09010.228,9.486068078078148,45.6822052,I813,_,09010,228
I813__09010.229,9.481435418873257,45.67908569,I813,_,09010,229
I813__0904.23,9.489073619406318,45.676747515,I813,_,0904,23
I813__09010.230,9.4807771218262,45.678929245,I813,_,09010,230
I813__09010.231,9.480305937438692,45.67879852,I813,_,09010,231
I813__09010.232,9.486358638122216,45.682246770000006,I813,_,09010,232
I813__09010.233,9.486263539646117,45.682575925,I813,_,09010,233
I813__09010.234,9.479389556165621,45.67789355,I813,_,09010,234
I813__09030.236,9.479369039025048,45.677546539999994,I813,_,09030,236
I813__09010.237,9.47949537198825,45.678075875000005,I813,_,09010,237
I813__09010.238,9.479951808008591,45.67811379,I813,_,09010,238
I813__09010.239,9.48035075258139,45.678135444999995,I813,_,09010,239
I813__0904.24,9.488466908050036,45.676890975,I813,_,0904,24
I813__09010.240,9.481114247305332,45.678128225,I813,_,09010,240
I813__09030.242,9.483032961825202,45.67688934,I813,_,09030,242
I813__09030.245,9.486059806548111,45.67731331,I813,_,09030,245
I813__0904.246,9.487219778717662,45.676882925,I813,_,0904,246
I813__09030.247,9.485932821926701,45.676809275,I813,_,09030,247
I813__0904.253,9.48705355240493,45.676640594999995,I813,_,0904,253
I813__09030.256,9.486064560653874,45.676326215,I813,_,09030,256
I813__09030.258,9.484711895559617,45.676202345,I813,_,09030,258
I813__09030.259,9.485317231632084,45.67564541,I813,_,09030,259
I813__0904.26,9.487869600481492,45.677053415,I813,_,0904,26
I813__09030.260,9.484489847100855,45.67550781,I813,_,09030,260
I813__09030.261,9.48357746558386,45.675570775,I813,_,09030,261
I813__09030.262,9.483669585910805,45.676256725,I813,_,09030,262
I813__09030.263,9.482289915383685,45.676042945,I813,_,09030,263
I813__09010.264,9.484759356401028,45.67959447,I813,_,09010,264
I813__09030.265,9.481837865512457,45.67630758,I813,_,09030,265
I813__09030.266,9.482215664053076,45.6769647,I813,_,09030,266
I813__09030.267,9.481726573760398,45.67679222,I813,_,09030,267
I813__09030.268,9.481253286356903,45.677352285,I813,_,09030,268
I813__09030.269,9.481103982462393,45.676932925,I813,_,09030,269
I813__0904.27,9.487686039426041,45.6770055,I813,_,0904,27
I813__09030.270,9.479509442818708,45.676887715,I813,_,09030,270
I813__09010.271,9.485166382982952,45.679680399999995,I813,_,09010,271
I813__09030.272,9.480261866442348,45.67607417,I813,_,09030,272
I813__09030.273,9.480587329859835,45.67565014,I813,_,09030,273
I813__09030.274,9.47967586674634,45.676090095000006,I813,_,09030,274
I813__09030.275,9.479445515397476,45.6758963,I813,_,09030,275
I813__09030.276,9.479283630734798,45.67595399,I813,_,09030,276
I813__09010.277,9.483338135077766,45.678971295,I813,_,09010,277
I813__09010.278,9.480127616195047,45.678123005,I813,_,09010,278
I813__0904.28,9.488186943841907,45.677085055,I813,_,0904,28
I813__09030.280,9.477775988095608,45.676864179999995,I813,_,09030,280
I813__09030.283,9.47813564716344,45.67603898,I813,_,09030,283
I813__09030.284,9.478714383208699,45.67613721,I813,_,09030,284
I813__09030.285,9.47913865438948,45.67573869,I813,_,09030,285
I813__09030.287,9.479704195557003,45.675495659999996,I813,_,09030,287
I813__09030.288,9.4784682235851,45.675319310000006,I813,_,09030,288
I813__09030.289,9.485525897425225,45.675681615,I813,_,09030,289
I813__0904.29,9.48803943837229,45.677099165,I813,_,0904,29
I813__09030.290,9.477416820310353,45.674564885,I813,_,09030,290
I813__09030.291,9.480581017634464,45.676089274999995,I813,_,09030,291
I813__09030.292,9.477674846821438,45.67453503,I813,_,09030,292
I813__09030.293,9.478180047834407,45.67391363,I813,_,09030,293
I813__09030.294,9.481364517141992,45.676012575,I813,_,09030,294
I813__09030.295,9.478672362014017,45.674275210000005,I813,_,09030,295
I813__09030.296,9.47974972203816,45.674366410000005,I813,_,09030,296
I813__09030.297,9.480720433074914,45.674826190000005,I813,_,09030,297
I813__09030.298,9.480313176351945,45.674708345,I813,_,09030,298
I813__09030.299,9.48060481357573,45.6739326,I813,_,09030,299
I813__0904.30,9.487615364492292,45.677075040000005,I813,_,0904,30
I813__09030.300,9.481163852156294,45.673980995,I813,_,09030,300
I813__09030.301,9.481536664548532,45.674329145,I813,_,09030,301
I813__09030.302,9.48114412293634,45.674245495,I813,_,09030,302
I813__09030.303,9.480766921070686,45.67524211,I813,_,09030,303
I813__09030.304,9.48169056481974,45.67518873,I813,_,09030,304
I813__09030.305,9.48215229721278,45.674746645,I813,_,09030,305
I813__09030.306,9.481627370945684,45.674770005,I813,_,09030,306
I813__09030.307,9.481969902786517,45.67416824,I813,_,09030,307
I813__09030.308,9.483344554948879,45.674422645,I813,_,09030,308
I813__09030.309,9.48312016292452,45.674988525,I813,_,09030,309
I813__0904.31,9.488066377587922,45.676913965,I813,_,0904,31
I813__09030.310,9.483547618024376,45.675014675,I813,_,09030,310
I813__09030.311,9.483684586801042,45.674749975,I813,_,09030,311
I813__09030.312,9.48161681069266,45.67404121,I813,_,09030,312
I813__09030.313,9.483857242529028,45.67442569,I813,_,09030,313
I813__09030.314,9.483857873996307,45.674043095,I813,_,09030,314
I813__09030.315,9.48417211449371,45.674066675,I813,_,09030,315
I813__09030.316,9.484691493674669,45.67379971,I813,_,09030,316
I813__09030.317,9.4817025845797,45.674460815,I813,_,09030,317
I813__09030.318,9.484212445834018,45.67456021,I813,_,09030,318
I813__09030.319,9.483796464594871,45.674937334999996,I813,_,09030,319
I813__0904.32,9.487992647111014,45.67683461,I813,_,0904,32
I813__09030.320,9.484404458228138,45.67497427,I813,_,09030,320
I813__09030.321,9.484619087192062,45.67446014,I813,_,09030,321
I813__09030.322,9.485492627422893,45.674505464999996,I813,_,09030,322
I813__09030.323,9.485099888295379,45.67501983,I813,_,09030,323
I813__09030.324,9.485444912887232,45.674175065,I813,_,09030,324
I813__09030.325,9.48509880424752,45.673688049999996,I813,_,09030,325
I813__09030.326,9.48611896476674,45.674293935,I813,_,09030,326
I813__09030.327,9.486053546349833,45.674901559999995,I813,_,09030,327
I813__09040.328,9.48713265388637,45.67489145,I813,_,09040,328
I813__09040.329,9.48701624278236,45.67510106,I813,_,09040,329
I813__09030.330,9.48648355468897,45.67541071,I813,_,09030,330
I813__09040.331,9.486954005932319,45.675821155,I813,_,09040,331
I813__09040.332,9.487324317319555,45.67569521,I813,_,09040,332
I813__09030.333,9.481943368791967,45.674740315,I813,_,09030,333
I813__09030.334,9.484059012379857,45.673940474999995,I813,_,09030,334
I813__09040.335,9.487454239861304,45.675865335,I813,_,09040,335
I813__09040.336,9.488322668269344,45.67539877,I813,_,09040,336
I813__0904.337,9.48760120763706,45.676153584999994,I813,_,0904,337
I813__09040.339,9.487130772323646,45.67398212,I813,_,09040,339
I813__0904.34,9.488226535742257,45.676501605,I813,_,0904,34
I813__09020.340,9.488287453776234,45.682764430000006,I813,_,09020,340
I813__09020.341,9.489778090449388,45.682688805,I813,_,09020,341
I813__09020.345,9.492400137598448,45.681458,I813,_,09020,345
I813__09020.347,9.494071616884211,45.681441945,I813,_,09020,347
I813__09020.348,9.495030804747872,45.68096702,I813,_,09020,348
I813__09020.352,9.495529412938755,45.680341585,I813,_,09020,352
I813__09020.353,9.49624245532769,45.679980885,I813,_,09020,353
I813__09020.354,9.495958099619727,45.680425314999994,I813,_,09020,354
I813__09020.355,9.496141368792786,45.680551085000005,I813,_,09020,355
I813__09030.356,9.484318633421893,45.674424134999995,I813,_,09030,356
I813__09030.357,9.484610292483374,45.674221365,I813,_,09030,357
I813__09030.358,9.485882429567539,45.675475545,I813,_,09030,358
I813__0904.359,9.488249781423827,45.677053130000004,I813,_,0904,359
I813__0904.36,9.487564654903991,45.676388294999995,I813,_,0904,36
I813__0904.360,9.488200936804155,45.67713535,I813,_,0904,360
I813__09030.361,9.486421065214797,45.67529737,I813,_,09030,361
I813__09040.363,9.487276320657902,45.67559166,I813,_,09040,363
I813__0904.364,9.490250114982484,45.676515644999995,I813,_,0904,364
I813__0904.365,9.490359268331868,45.676010405,I813,_,0904,365
I813__0904.369,9.488341051373903,45.677798075,I813,_,0904,369
I813__0904.37,9.487733567865526,45.676919595,I813,_,0904,37
I813__09020.370,9.49875690731322,45.67941835,I813,_,09020,370
I813__09020.372,9.49855060974605,45.679502065,I813,_,09020,372
I813__09020.373,9.486840045955034,45.680785105,I813,_,09020,373
I813__09020.375,9.491346567080695,45.677965490000005,I813,_,09020,375
I813__0904.377,9.487990809823845,45.677524075,I813,_,0904,377
I813__09010.378,9.48262739619641,45.678204210000004,I813,_,09010,378
I813__09030.379,9.482761735833803,45.674430815,I813,_,09030,379
I813__09020.380,9.487694714532669,45.682795395,I813,_,09020,380
I813__09020.381,9.489145467988248,45.68270667,I813,_,09020,381
I813__0904.382,9.489701941586484,45.676620225,I813,_,0904,382
I813__09020.383,9.49115988306297,45.677924055000005,I813,_,09020,383
I813__09020.384,9.491473508338512,45.678001054999996,I813,_,09020,384
I813__09020.386,9.497947700130167,45.67893594,I813,_,09020,386
I813__0904.388,9.488058136457347,45.677380799999995,I813,_,0904,388
I813__0904.39,9.488406294070261,45.677284255000004,I813,_,0904,39
I813__0904.391,9.489839815795552,45.67680736,I813,_,0904,391
I813__09020.393,9.498835228119066,45.679039465,I813,_,09020,393
I813__0904.396,9.487679221966046,45.67672671,I813,_,0904,396
I813__0904.397,9.490143978280688,45.6763019,I813,_,0904,397
I813__09010.399,9.479745159877188,45.67809771,I813,_,09010,399
I813__0904.40,9.488238507431522,45.67727352,I813,_,0904,40
I813__0904.402,9.4903450155883,45.6761138,I813,_,0904,402
I813__09030.404,9.486246734446755,45.676236805,I813,_,09030,404
I813__09030.405,9.486430820097397,45.67614673,I813,_,09030,405
I813__09040.406,9.486719924780713,45.67534712,I813,_,09040,406
I813__09030.407,9.486443586662913,45.67564867,I813,_,09030,407
I813__09040.408,9.48711782667743,45.675647405,I813,_,09040,408
I813__0904.41,9.487153770833334,45.67654251,I813,_,0904,41
I813__0904.410,9.4891029557167,45.677799,I813,_,0904,410
I813__09040.413,9.491153490667543,45.675665195,I813,_,09040,413
I813__09040.414,9.489851552240046,45.67409251,I813,_,09040,414
I813__09020.415,9.487988752996042,45.678732015,I813,_,09020,415
I813__09020.416,9.487067273833965,45.677952235,I813,_,09020,416
I813__09020.419,9.487275479898205,45.67926551,I813,_,09020,419
I813__0904.42,9.488198561900711,45.677524075,I813,_,0904,42
I813__09020.422,9.486921641497624,45.67911643,I813,_,09020,422
I813__09020.423,9.486726297979121,45.67926153,I813,_,09020,423
I813__09020.424,9.486764003145701,45.67983646,I813,_,09020,424
I813__09040.427,9.48990630991348,45.67643227,I813,_,09040,427
I813__0904.428,9.489063216725974,45.676988660000006,I813,_,0904,428
I813__0904.43,9.488907349152164,45.677091974999996,I813,_,0904,43
I813__0904.432,9.487287686111923,45.67663207,I813,_,0904,432
I813__0904.433,9.487519974320893,45.67665719,I813,_,0904,433
I813__0904.434,9.48744905127512,45.6766401,I813,_,0904,434
I813__0904.435,9.488989724860403,45.677101765,I813,_,0904,435
I813__09040.436,9.491312647352379,45.677686425000005,I813,_,09040,436
I813__0904.437,9.489862916897565,45.676616589999995,I813,_,0904,437
I813__0904.438,9.490023788885788,45.676591275,I813,_,0904,438
I813__09040.439,9.49362043954706,45.676004684999995,I813,_,09040,439
I813__0904.44,9.487478525133383,45.6767059,I813,_,0904,44
I813__09040.440,9.49317152207861,45.67659871,I813,_,09040,440
I813__09020.441,9.489632071514588,45.67795555,I813,_,09020,441
I813__0904.445,9.489841059234966,45.676763455,I813,_,0904,445
I813__0904.446,9.490216251310747,45.67619336,I813,_,0904,446
I813__09020.447,9.499163125670634,45.67908365,I813,_,09020,447
I813__09030.449,9.47766452399905,45.67515444,I813,_,09030,449
I813__0904.45,9.487530542056614,45.676603275000005,I813,_,0904,45
I813__09030.450,9.479315272723966,45.675480750000006,I813,_,09030,450
I813__09020.451,9.4866981043058,45.680229589999996,I813,_,09020,451
I813__09010.452,9.486399159569565,45.680241345,I813,_,09010,452
I813__09030.453,9.482438989603413,45.674907114999996,I813,_,09030,453
I813__0904.455,9.489081505505181,45.677083265,I813,_,0904,455
I813__09040.456,9.490222381833984,45.676783675,I813,_,09040,456
I813__09020.458,9.48703882357686,45.679588925000004,I813,_,09020,458
I813__09030.460,9.480848673340262,45.677298164999996,I813,_,09030,460
I813__09030.461,9.48123389311709,45.67502447,I813,_,09030,461
I813__09040.462,9.490861444817003,45.675959184999996,I813,_,09040,462
I813__09040.463,9.490095242860429,45.677239595,I813,_,09040,463
I813__09040.464,9.490146698601276,45.677077615,I813,_,09040,464
I813__09030.465,9.480721990185172,45.676299385,I813,_,09030,465
I813__09010.468,9.483949836034887,45.6814491,I813,_,09010,468
I813__0904.47,9.489052250643741,45.677929935,I813,_,0904,47
I813__09020.470,9.487031374168719,45.679717735,I813,_,09020,470
I813__0904.471,9.487365654956436,45.677892655,I813,_,0904,471
I813__0904.475,9.48972205948342,45.67689856,I813,_,0904,475
I813__09040.479,9.491490557920216,45.676207495,I813,_,09040,479
I813__0904.48,9.487898310644686,45.67667925000001,I813,_,0904,48
I813__0904.482,9.488563964838228,45.677923275,I813,_,0904,482
I813__0904.483,9.488493415890758,45.677770484999996,I813,_,0904,483
I813__0904.484,9.488012926472631,45.678408795,I813,_,0904,484
I813__0904.485,9.488133356409008,45.678269119999996,I813,_,0904,485
I813__09040.486,9.492393175181961,45.67648204,I813,_,09040,486
I813__09020.489,9.489907291439309,45.678584545,I813,_,09020,489
I813__09020.490,9.490818954869653,45.679454985,I813,_,09020,490
I813__09010.491,9.484340822984004,45.68206911,I813,_,09010,491
I813__09010.492,9.484716328844659,45.681871924999996,I813,_,09010,492
I813__09040.493,9.491626550609453,45.67672176,I813,_,09040,493
I813__0904.495,9.488032531567967,45.677713804999996,I813,_,0904,495
I813__09040.497,9.490640854085756,45.675678155,I813,_,09040,497
I813__09010.498,9.483057820368352,45.681367155000004,I813,_,09010,498
I813__09010.499,9.484165058891689,45.679801585,I813,_,09010,499
I813__09020.500,9.489675198089785,45.678230925,I813,_,09020,500
I813__09020.501,9.49025972945077,45.678675305,I813,_,09020,501
I813__09020.502,9.490563722376184,45.67872948,I813,_,09020,502
I813__09020.503,9.490696820039794,45.678442165,I813,_,09020,503
I813__09020.505,9.492738353704247,45.680077104999995,I813,_,09020,505
I813__09010.506,9.484440055870227,45.68100698000001,I813,_,09010,506
I813__09010.507,9.48466927492523,45.680799824999994,I813,_,09010,507
I813__09010.508,9.484825233891574,45.680013634999995,I813,_,09010,508
I813__09010.509,9.485413591778336,45.680080315,I813,_,09010,509
I813__0904.51,9.48837531664919,45.677558925,I813,_,0904,51
I813__09030.510,9.485997633189768,45.673813445,I813,_,09030,510
I813__09010.513,9.483257112932346,45.68111072,I813,_,09010,513
I813__09010.514,9.48330346019837,45.68097476,I813,_,09010,514
I813__09010.515,9.485584713111901,45.680631375000004,I813,_,09010,515
I813__09010.516,9.48445258379155,45.68018144,I813,_,09010,516
I813__09010.517,9.484647604193883,45.68012668,I813,_,09010,517
I813__09010.518,9.485101689757904,45.680051305,I813,_,09010,518
I813__09010.519,9.484501201969366,45.6798958,I813,_,09010,519
I813__0904.52,9.48848033951398,45.67762727,I813,_,0904,52
I813__09010.520,9.485083891176487,45.6799254,I813,_,09010,520
I813__09040.522,9.495339287691099,45.676953465,I813,_,09040,522
I813__09040.523,9.495557153352683,45.67688633,I813,_,09040,523
I813__09020.524,9.487056518824861,45.680478465,I813,_,09020,524
I813__09040.529,9.492387586370238,45.675319205,I813,_,09040,529
I813__0904.53,9.488595579376312,45.677680385,I813,_,0904,53
I813__09040.530,9.492686567778781,45.675591645,I813,_,09040,530
I813__0904.533,9.489509642312708,45.677784425,I813,_,0904,533
I813__0904.534,9.489473846153913,45.677805915,I813,_,0904,534
I813__0904.535,9.489472263241314,45.677714609999995,I813,_,0904,535
I813__09020.536,9.492228228609935,45.67776369,I813,_,09020,536
I813__09020.537,9.492039202994572,45.67775314,I813,_,09020,537
I813__09040.538,9.492127243125957,45.677644055,I813,_,09040,538
I813__09040.539,9.49225210068495,45.67764073,I813,_,09040,539
I813__0904.54,9.488706468042102,45.677742429999995,I813,_,0904,54
I813__09040.540,9.492327378839558,45.677649555,I813,_,09040,540
I813__09040.542,9.49196099958251,45.676454495,I813,_,09040,542
I813__09040.543,9.49212483750157,45.676457025000005,I813,_,09040,543
I813__09040.544,9.491893694508281,45.676134635,I813,_,09040,544
I813__09040.545,9.492172041194173,45.676134905,I813,_,09040,545
I813__09040.547,9.491337129192738,45.67763026,I813,_,09040,547
I813__09040.548,9.49138581779149,45.677539415,I813,_,09040,548
I813__09020.549,9.491030567665568,45.678169464999996,I813,_,09020,549
I813__0904.55,9.488853372990386,45.677714205,I813,_,0904,55
I813__09040.550,9.491645069082173,45.677632325000005,I813,_,09040,550
I813__09040.551,9.491464171636343,45.67766035,I813,_,09040,551
I813__09040.552,9.492157289267098,45.676874005,I813,_,09040,552
I813__09020.555,9.49194578949442,45.678053065,I813,_,09020,555
I813__0904.556,9.48931867962606,45.677033734999995,I813,_,0904,556
I813__09040.558,9.494440312991886,45.67556734,I813,_,09040,558
I813__09040.559,9.494220713918804,45.6753671,I813,_,09040,559
I813__0904.56,9.4891420575694,45.677401669999995,I813,_,0904,56
I813__09020.560,9.492571096989213,45.677871015,I813,_,09020,560
I813__09020.562,9.489185547818645,45.679509445,I813,_,09020,562
I813__09040.563,9.492282232246254,45.676874005,I813,_,09040,563
I813__09020.564,9.487066096454413,45.681916465,I813,_,09020,564
I813__09040.565,9.492291788686972,45.67748775,I813,_,09040,565
I813__09020.566,9.489179693416645,45.67872378,I813,_,09020,566
I813__09020.567,9.489627382543205,45.678567525000005,I813,_,09020,567
I813__09020.568,9.489611564287522,45.67846018,I813,_,09020,568
I813__09040.569,9.492631922427918,45.67758024,I813,_,09040,569
I813__09040.570,9.492671973008878,45.677400399999996,I813,_,09040,570
I813__09040.571,9.492590476527162,45.67649146,I813,_,09040,571
I813__09020.572,9.486746997591677,45.682366310000006,I813,_,09020,572
I813__09040.573,9.492452200446229,45.676155545,I813,_,09040,573
I813__09040.574,9.491878954536034,45.67709049,I813,_,09040,574
I813__09040.575,9.491520120998704,45.676955875000004,I813,_,09040,575
I813__09040.576,9.491951821874641,45.67676903500001,I813,_,09040,576
I813__09040.578,9.493033755601921,45.675766725,I813,_,09040,578
I813__09040.579,9.49146577161353,45.67521556,I813,_,09040,579
I813__0904.58,9.488701714009027,45.677093655,I813,_,0904,58
I813__09040.580,9.493191732670578,45.675512569999995,I813,_,09040,580
I813__09040.581,9.492042478510728,45.67573459,I813,_,09040,581
I813__09040.582,9.492236478125179,45.67587739,I813,_,09040,582
I813__09040.585,9.493968383244951,45.676046535,I813,_,09040,585
I813__09040.586,9.492812375323934,45.676048824999995,I813,_,09040,586
I813__09020.587,9.490892152209835,45.678357215,I813,_,09020,587
I813__09020.588,9.490881817018842,45.6797804,I813,_,09020,588
I813__09020.590,9.490767416019683,45.68006159,I813,_,09020,590
I813__09020.591,9.488770537930897,45.68038405,I813,_,09020,591
I813__09020.592,9.488758844282842,45.680021409999995,I813,_,09020,592
I813__09020.593,9.4881586270674,45.68052413,I813,_,09020,593
I813__09020.594,9.48833559380539,45.679427745,I813,_,09020,594
I813__09040.595,9.492086618757263,45.67530239,I813,_,09040,595
I813__09020.596,9.491548411406882,45.67902935,I813,_,09020,596
I813__09020.597,9.492216489648929,45.6781984,I813,_,09020,597
I813__09040.599,9.490937769627745,45.673975755,I813,_,09040,599
I813__09040.6,9.488903855092413,45.673989660000004,I813,_,09040,6
I813__0904.60,9.488865180658138,45.677064195,I813,_,0904,60
I813__09040.600,9.491054685371074,45.67399743,I813,_,09040,600
I813__09020.601,9.49175485220674,45.679126124999996,I813,_,09020,601
I813__09040.602,9.48970195306163,45.67543949,I813,_,09040,602
I813__09040.603,9.488486044084713,45.675975445000006,I813,_,09040,603
I813__09040.604,9.489983031018971,45.67515665,I813,_,09040,604
I813__09020.605,9.490308607129823,45.67841315,I813,_,09020,605
I813__09040.606,9.490340747197145,45.675641334999995,I813,_,09040,606
I813__09030.607,9.485391026222628,45.675916735,I813,_,09030,607
I813__09030.608,9.485717315119576,45.676016770000004,I813,_,09030,608
I813__09040.609,9.491325743508941,45.6758328,I813,_,09040,609
I813__0904.61,9.489136882737892,45.6771257,I813,_,0904,61
I813__09020.610,9.49143608600098,45.67979323,I813,_,09020,610
I813__09040.611,9.49375499029692,45.677545935,I813,_,09040,611
I813__09040.612,9.493996471198898,45.677312605,I813,_,09040,612
I813__09040.613,9.493807792607656,45.677020895,I813,_,09040,613
I813__09040.614,9.494611960683311,45.67710825,I813,_,09040,614
I813__09030.616,9.485994679754114,45.675937430000005,I813,_,09030,616
I813__09040.618,9.491018490820391,45.674112969999996,I813,_,09040,618
I813__09040.619,9.490874542951133,45.67406854,I813,_,09040,619
I813__09020.620,9.489424956797999,45.678800925,I813,_,09020,620
I813__09020.621,9.491828369295657,45.678878465,I813,_,09020,621
I813__09020.622,9.491849042291637,45.67872049,I813,_,09020,622
I813__09020.624,9.491425778724974,45.67949005,I813,_,09020,624
I813__09010.625,9.485933157722172,45.68033839,I813,_,09010,625
I813__09010.627,9.485732285733025,45.680580289999995,I813,_,09010,627
I813__09020.628,9.489814164719798,45.678848015,I813,_,09020,628
I813__0904.63,9.489304479867645,45.67774844,I813,_,0904,63
I813__09030.630,9.485971628444965,45.677157385,I813,_,09030,630
I813__09040.631,9.490634510578111,45.677433394999994,I813,_,09040,631
I813__09040.632,9.49073977324031,45.677504604999996,I813,_,09040,632
I813__09010.634,9.484172580912805,45.681717715000005,I813,_,09010,634
I813__09010.635,9.484334072345508,45.68173076,I813,_,09010,635
I813__09020.636,9.493484136728743,45.677845625,I813,_,09020,636
I813__09040.639,9.492959135259461,45.677222345000004,I813,_,09040,639
I813__0904.64,9.489230816043072,45.677797029999994,I813,_,0904,64
I813__09040.640,9.49408674932329,45.67727256,I813,_,09040,640
I813__09020.642,9.493495571003606,45.679192805,I813,_,09020,642
I813__09020.643,9.493275648984268,45.679096279999996,I813,_,09020,643
I813__09010.644,9.486679895023748,45.681195360000004,I813,_,09010,644
I813__09010.645,9.486298771112802,45.680901265,I813,_,09010,645
I813__0904.647,9.489345196307195,45.67660008,I813,_,0904,647
I813__0904.648,9.48945575444325,45.676605895,I813,_,0904,648
I813__0904.649,9.489562204918972,45.676584205,I813,_,0904,649
I813__0904.650,9.489578565983901,45.676699310000004,I813,_,0904,650
I813__09020.655,9.494117556759136,45.677921905,I813,_,09020,655
I813__09040.657,9.494293464550939,45.67805797,I813,_,09040,657
I813__09010.658,9.479171476131118,45.678672825,I813,_,09010,658
I813__09040.659,9.489377539057934,45.675942019999994,I813,_,09040,659
I813__0904.66,9.489754912075908,45.677455464999994,I813,_,0904,66
I813__09040.660,9.489458142110871,45.675730275,I813,_,09040,660
I813__09040.661,9.489681522480495,45.675824975,I813,_,09040,661
I813__09040.662,9.489683736592648,45.67620560500001,I813,_,09040,662
I813__09040.663,9.489399985903471,45.676257590000006,I813,_,09040,663
I813__09040.665,9.48986301496852,45.6758137,I813,_,09040,665
I813__09040.668,9.488212631563917,45.675742225,I813,_,09040,668
I813__09040.669,9.48892212072257,45.67547223,I813,_,09040,669
I813__09040.673,9.488653579753768,45.67604078,I813,_,09040,673
I813__0904.676,9.48870022540949,45.676624905,I813,_,0904,676
I813__0904.677,9.488286776648517,45.676328049999995,I813,_,0904,677
I813__0904.678,9.48857487067173,45.676328444999996,I813,_,0904,678
I813__0904.679,9.488371267272498,45.67623272,I813,_,0904,679
I813__0904.68,9.489430396949409,45.677562210000005,I813,_,0904,68
I813__0904.680,9.488558347600952,45.67615866,I813,_,0904,680
I813__0904.681,9.488584518018007,45.676011095,I813,_,0904,681
I813__0904.682,9.488899782152224,45.676324699999995,I813,_,0904,682
I813__0904.683,9.487960271531396,45.676428920000006,I813,_,0904,683
I813__0904.684,9.488122666639704,45.676307879999996,I813,_,0904,684
I813__0904.685,9.488405539824846,45.676417315,I813,_,0904,685
I813__0904.686,9.488230471461533,45.67611705,I813,_,0904,686
I813__0904.687,9.488509441142,45.67607205,I813,_,0904,687
I813__0904.688,9.487962811447776,45.67607066,I813,_,0904,688
I813__09040.69,9.491520233043065,45.6772282,I813,_,09040,69
I813__09040.690,9.492671757194428,45.67593185,I813,_,09040,690
I813__09020.692,9.49307098305911,45.67917285,I813,_,09020,692
I813__09020.693,9.493984933401986,45.67851919,I813,_,09020,693
I813__09020.694,9.487337773864137,45.678528945,I813,_,09020,694
I813__09020.695,9.48726210728022,45.678698615,I813,_,09020,695
I813__09040.696,9.492738401450707,45.67535149,I813,_,09040,696
I813__0904.7,9.488735733791081,45.676339675,I813,_,0904,7
I813__09040.701,9.494437437090484,45.677920854999996,I813,_,09040,701
I813__09040.702,9.494415953750416,45.677507115,I813,_,09040,702
I813__09040.704,9.49264550343248,45.675760215,I813,_,09040,704
I813__09040.705,9.49235093740177,45.675876630000005,I813,_,09040,705
I813__09040.706,9.492340348329845,45.675749085,I813,_,09040,706
I813__09040.707,9.492369690743686,45.67565077,I813,_,09040,707
I813__0904.71,9.489148220954828,45.677602835,I813,_,0904,71
I813__09040.711,9.49637273260182,45.67694381,I813,_,09040,711
I813__09040.712,9.49211291903779,45.675950424999996,I813,_,09040,712
I813__09010.713,9.486568661688402,45.679467065,I813,_,09010,713
I813__09040.715,9.49378029070509,45.677304115,I813,_,09040,715
I813__09020.717,9.487595597584157,45.67945251,I813,_,09020,717
I813__09020.719,9.487571502758096,45.680201589999996,I813,_,09020,719
I813__0904.72,9.489264902560382,45.677683314999996,I813,_,0904,72
I813__09020.720,9.487944927657953,45.67995832,I813,_,09020,720
I813__09020.721,9.489751636936607,45.68168384,I813,_,09020,721
I813__09020.722,9.489887404589814,45.681143585,I813,_,09020,722
I813__09020.723,9.486829820484722,45.678951575,I813,_,09020,723
I813__09020.724,9.487159952244049,45.679075420000004,I813,_,09020,724
I813__09040.725,9.489916891978508,45.675707665000004,I813,_,09040,725
I813__09040.729,9.490595085965674,45.675325145,I813,_,09040,729
I813__0904.73,9.48907156172167,45.6777386,I813,_,0904,73
I813__09040.730,9.489998526451071,45.676163615,I813,_,09040,730
I813__09040.731,9.490078442943915,45.67544397,I813,_,09040,731
I813__0904.734,9.488416715355903,45.677152230000004,I813,_,0904,734
I813__0904.74,9.489086244998202,45.67785768,I813,_,0904,74
I813__09040.742,9.492876018006882,45.677589035,I813,_,09040,742
I813__09040.743,9.49306223189652,45.6769806,I813,_,09040,743
I813__0904.744,9.489006515456033,45.678374425,I813,_,0904,744
I813__0904.745,9.489180601597134,45.67833025,I813,_,0904,745
I813__0904.746,9.489145100320837,45.678402414999994,I813,_,0904,746
I813__09040.747,9.490461334698864,45.677001364999995,I813,_,09040,747
I813__0904.75,9.48893662678269,45.677891755,I813,_,0904,75
I813__09040.751,9.49026540865911,45.676929744999995,I813,_,09040,751
I813__09040.752,9.4902620463455,45.676992345,I813,_,09040,752
I813__09040.753,9.490599282266178,45.677108895,I813,_,09040,753
I813__09040.754,9.490516982096127,45.676844465,I813,_,09040,754
I813__09040.755,9.490692781558296,45.676665355,I813,_,09040,755
I813__09040.764,9.490697777193633,45.67685133,I813,_,09040,764
I813__09020.767,9.494181150620477,45.67889737,I813,_,09020,767
I813__09020.768,9.494542828609355,45.679101445,I813,_,09020,768
I813__0904.77,9.48872350065486,45.67824817,I813,_,0904,77
I813__09010.771,9.484101490983917,45.68184886,I813,_,09010,771
I813__09010.777,9.485490802928059,45.680158199999994,I813,_,09010,777
I813__09010.778,9.486316514660416,45.679700955,I813,_,09010,778
I813__09020.781,9.487682511346037,45.678585955,I813,_,09020,781
I813__0904.786,9.487474698279946,45.67733553,I813,_,0904,786
I813__0904.79,9.489143295518577,45.678132535,I813,_,0904,79
I813__09030.790,9.487003663244254,45.676427875,I813,_,09030,790
I813__09040.793,9.487268522440889,45.67610324,I813,_,09040,793
I813__09020.798,9.491145049896677,45.68139927,I813,_,09020,798
I813__09020.799,9.491575015411035,45.681389655000004,I813,_,09020,799
I813__0904.8,9.489005363423232,45.67646806,I813,_,0904,8
I813__0904.80,9.489363943870968,45.67791446,I813,_,0904,80
I813__09020.800,9.491943698071957,45.68142679,I813,_,09020,800
I813__09020.801,9.491463243254797,45.681887285,I813,_,09020,801
I813__09020.802,9.491771178224425,45.68195721,I813,_,09020,802
I813__09010.804,9.48579688285906,45.680071479999995,I813,_,09010,804
I813__09010.805,9.485930808677988,45.680020084999995,I813,_,09010,805
I813__09010.808,9.48560737894909,45.680229985,I813,_,09010,808
I813__09020.81,9.490374517923696,45.677799255,I813,_,09020,81
I813__09010.810,9.484274917818734,45.6811629,I813,_,09010,810
I813__09010.812,9.484823666582926,45.680499505,I813,_,09010,812
I813__09010.813,9.48498868302902,45.680650514999996,I813,_,09010,813
I813__0904.816,9.490062785704378,45.67624603,I813,_,0904,816
I813__09020.818,9.48765543984592,45.679212385,I813,_,09020,818
I813__09040.82,9.49275530160563,45.676922225,I813,_,09040,82
I813__09040.820,9.490491593007844,45.675909715,I813,_,09040,820
I813__09040.821,9.490643552981386,45.675447825,I813,_,09040,821
I813__09040.822,9.490752550175186,45.67523455,I813,_,09040,822
I813__09040.823,9.490813394297405,45.67536294,I813,_,09040,823
I813__09040.829,9.488870242367451,45.67500176,I813,_,09040,829
I813__09020.83,9.490872636457436,45.67785868,I813,_,09020,83
I813__09040.831,9.496914575400623,45.67714671,I813,_,09040,831
I813__09020.834,9.487629852905421,45.681003965,I813,_,09020,834
I813__09020.84,9.491987407659842,45.677832315,I813,_,09020,84
I813__09010.845,9.483482640575211,45.67912697,I813,_,09010,845
I813__09020.85,9.491531569047996,45.67773076,I813,_,09020,85
I813__09020.856,9.488115724702997,45.679818510000004,I813,_,09020,856
I813__09040.859,9.493407809852272,45.676486839999995,I813,_,09040,859
I813__09040.86,9.49109739898045,45.677357799999996,I813,_,09040,86
I813__09040.860,9.493934883141316,45.676727685,I813,_,09040,860
I813__0904.864,9.488540203364103,45.677484055,I813,_,0904,864
I813__09030.866,9.483883573901375,45.674968185,I813,_,09030,866
I813__09030.867,9.484875095712383,45.674615485,I813,_,09030,867
I813__09040.868,9.492044646248075,45.675528,I813,_,09040,868
I813__09040.873,9.492542730275332,45.67514607,I813,_,09040,873
I813__09020.874,9.487144725202402,45.680733265,I813,_,09020,874
I813__09020.876,9.487364567091886,45.680456585,I813,_,09020,876
I813__09020.879,9.486732711997272,45.680531925,I813,_,09020,879
I813__0904.88,9.489951070405693,45.67667161,I813,_,0904,88
I813__09040.881,9.493443767931257,45.676802125,I813,_,09040,881
I813__09020.884,9.490201684676368,45.679111155,I813,_,09020,884
I813__09020.885,9.48816933211926,45.67873912,I813,_,09020,885
I813__09020.886,9.488145399847555,45.67854885,I813,_,09020,886
I813__09040.888,9.491203079911674,45.67682821,I813,_,09040,888
I813__0904.89,9.490340840845409,45.676505705,I813,_,0904,89
I813__0904.890,9.48926030487651,45.677493229999996,I813,_,0904,890
I813__09020.894,9.493210204719164,45.678674225,I813,_,09020,894
I813__0904.898,9.489893526668617,45.677336955,I813,_,0904,898
I813__0904.9,9.487803075898263,45.678104135,I813,_,0904,9
I813__09040.90,9.490644321567732,45.67643821,I813,_,09040,90
I813__09040.901,9.494227162584098,45.675882470000005,I813,_,09040,901
I813__09010.902,9.48511210297168,45.68055742,I813,_,09010,902
I813__09010.906,9.485631170731693,45.680078519999995,I813,_,09010,906
I813__09010.907,9.48560756021533,45.680099625,I813,_,09010,907
I813__09040.908,9.491416017801068,45.67553581,I813,_,09040,908
I813__0904.909,9.489242777417065,45.677136735,I813,_,0904,909
I813__09040.910,9.494204378253766,45.6766415,I813,_,09040,910
I813__09040.911,9.494193001671688,45.67659616,I813,_,09040,911
I813__09040.912,9.494247994657014,45.676563505000004,I813,_,09040,912
I813__09040.913,9.494294742449801,45.676508685,I813,_,09040,913
I813__09040.914,9.494339809984485,45.67643479,I813,_,09040,914
I813__09010.915,9.484705460466047,45.679938315,I813,_,09010,915
I813__09040.917,9.494096416637756,45.676123245,I813,_,09040,917
I813__09040.918,9.494366178438964,45.6760853,I813,_,09040,918
I813__09040.92,9.491816891574874,45.67643829,I813,_,09040,92
I813__09030.920,9.484395379087552,45.67746285,I813,_,09030,920
I813__09030.921,9.483719166458616,45.6767615,I813,_,09030,921
I813__09030.922,9.484350654657863,45.67686292,I813,_,09030,922
I813__09030.923,9.484976915652306,45.676997150000005,I813,_,09030,923
I813__09020.925,9.48737386154632,45.67983075,I813,_,09020,925
I813__09020.926,9.487656111676614,45.67979399,I813,_,09020,926
I813__09020.927,9.494848506745438,45.67940109,I813,_,09020,927
I813__09020.929,9.49363107403991,45.67828179,I813,_,09020,929
I813__09040.93,9.493961981093799,45.675641305,I813,_,09040,93
I813__09040.931,9.492505348459312,45.676222859999996,I813,_,09040,931
I813__09020.935,9.492414840977576,45.67841051,I813,_,09020,935
I813__09020.936,9.492777313028387,45.678288675000005,I813,_,09020,936
I813__09020.937,9.492707971227635,45.678175995000004,I813,_,09020,937
I813__09020.939,9.493288991033932,45.67825329,I813,_,09020,939
I813__0904.941,9.489389662840528,45.676936685,I813,_,0904,941
I813__09040.944,9.490163340652074,45.675972245,I813,_,09040,944
I813__09010.945,9.486011343169963,45.680020084999995,I813,_,09010,945
I813__09010.949,9.484558657793908,45.68062822,I813,_,09010,949
I813__09040.95,9.493754206236392,45.676570735,I813,_,09040,95
I813__09040.950,9.490022707489548,45.675540055,I813,_,09040,950
I813__09020.955,9.488073804217223,45.67919184,I813,_,09020,955
I813__09020.957,9.487828453680649,45.6791099,I813,_,09020,957
I813__09010.959,9.486504030022035,45.68089374,I813,_,09010,959
I813__09040.96,9.49339849589093,45.677283705,I813,_,09040,96
I813__09010.960,9.486312284731657,45.680795075,I813,_,09010,960
I813__09010.961,9.48612154183618,45.680717545,I813,_,09010,961
I813__09020.962,9.486564890208793,45.680362384999995,I813,_,09020,962
I813__09020.963,9.486799610898164,45.680883699999995,I813,_,09020,963
I813__09020.964,9.486682931275727,45.680706255000004,I813,_,09020,964
I813__09020.966,9.487020478662291,45.68091871,I813,_,09020,966
I813__09020.967,9.486748603821415,45.6806507,I813,_,09020,967
I813__09020.968,9.487105602551637,45.68073402,I813,_,09020,968
I813__09020.969,9.48678552221822,45.680414995,I813,_,09020,969
I813__09020.970,9.4878356019336,45.680735659999996,I813,_,09020,970
I813__09020.971,9.487780005922602,45.68065822,I813,_,09020,971
I813__09020.972,9.487451658998356,45.680449135,I813,_,09020,972
I813__09020.973,9.487530482772957,45.680283630000005,I813,_,09020,973
I813__09040.975,9.48730481143883,45.675529659999995,I813,_,09040,975
I813__09040.976,9.487545095212468,45.675549114999995,I813,_,09040,976
I813__09040.977,9.487415298558474,45.67548319,I813,_,09040,977
I813__09040.978,9.48705389027458,45.675466905,I813,_,09040,978
I813__09040.980,9.487422992812702,45.675331029999995,I813,_,09040,980
I813__09040.981,9.48766380915224,45.675447395000006,I813,_,09040,981
I813__09040.982,9.487463687354666,45.675753115,I813,_,09040,982
I813__09040.983,9.48754111130883,45.675762725,I813,_,09040,983
I813__09040.985,9.486862215660704,45.675450635000004,I813,_,09040,985
I813__09040.986,9.487107793981696,45.67535221999999,I813,_,09040,986
I813__09040.987,9.48748911140975,45.675170519999995,I813,_,09040,987
I813__09040.988,9.48779577882923,45.67534641,I813,_,09040,988
I813__09040.989,9.487056118981693,45.675975054999995,I813,_,09040,989
I813__09040.99,9.49512194123422,45.6773162,I813,_,09040,99
I813__09040.991,9.48728063531725,45.67508997,I813,_,09040,991
I813__09040.993,9.486980426677224,45.67554462,I813,_,09040,993
I813__09020.995,9.487150811118202,45.680772645000005,I813,_,09020,995
I813__09020.996,9.487345469992714,45.680631885,I813,_,09020,996
I813__09020.998,9.487228830154486,45.68066229,I813,_,09020,998
